{
  "avg_precision_at_k": 0.09888779041028177,
  "std_precision_at_k": 0.2719013704168657,
  "avg_recall_at_k": 0.0542789664885562,
  "std_recall_at_k": 0.1481350733526912,
  "avg_f1_at_k": 0.06658404620589495,
  "std_f1_at_k": 0.1788887336503157,
  "avg_hit_rate_at_k": 0.13395946613939694,
  "std_hit_rate_at_k": 0.34060876026761955,
  "avg_ndcg_at_k": 0.06411136102042908,
  "std_ndcg_at_k": 0.17292321946427971,
  "avg_mrr": 0.11566155874114352,
  "std_mrr": 0.3068859323557145,
  "num_users_evaluated": 2023,
  "evaluation_method": "negative_sampling",
  "evaluation_metadata": {
    "task": "Top-K Retrieval",
    "filter_seen_evaluator_perspective": true,
    "recommender_type": "item_knn",
    "top_k": 50,
    "test_file": "data/splits/split_tiny/test.csv",
    "train_file_used_for_history": "data/splits/split_tiny/train.csv",
    "cache_warmup_enabled": false,
    "parallel_evaluation": false,
    "num_workers": 0,
    "parallel_chunk_size": 0,
    "simplified_architecture": true
  }
}