{
  "avg_precision_at_k": 0.025318833415719232,
  "std_precision_at_k": 0.018045493019389437,
  "avg_recall_at_k": 0.4885579722084913,
  "std_recall_at_k": 0.3192532669694522,
  "avg_f1_at_k": 0.047848045735229175,
  "std_f1_at_k": 0.033431114522858296,
  "avg_hit_rate_at_k": 0.8096885813148789,
  "std_hit_rate_at_k": 0.39254679033610457,
  "avg_ndcg_at_k": 0.1649105112452686,
  "std_ndcg_at_k": 0.13308969477033877,
  "avg_mrr": 0.0905176453613783,
  "std_mrr": 0.163487375997489,
  "num_users_evaluated": 2023,
  "evaluation_method": "negative_sampling",
  "evaluation_metadata": {
    "task": "Top-K Retrieval",
    "filter_seen_evaluator_perspective": true,
    "recommender_type": "random",
    "top_k": 50,
    "test_file": "data/splits/split_tiny/test.csv",
    "train_file_used_for_history": "data/splits/split_tiny/train.csv",
    "cache_warmup_enabled": false,
    "parallel_evaluation": false,
    "num_workers": 0,
    "parallel_chunk_size": 0,
    "simplified_architecture": true
  }
}