{
  "avg_precision_at_k": 0.10367441094084692,
  "std_precision_at_k": 0.28380173952612103,
  "avg_recall_at_k": 0.053024935464381834,
  "std_recall_at_k": 0.14634453906638778,
  "avg_f1_at_k": 0.06628489596853414,
  "std_f1_at_k": 0.1791674144139193,
  "avg_hit_rate_at_k": 0.13198220464656452,
  "std_hit_rate_at_k": 0.33847142021623755,
  "avg_ndcg_at_k": 0.06379065082474958,
  "std_ndcg_at_k": 0.1729080490516953,
  "avg_mrr": 0.11723512934585599,
  "std_mrr": 0.3118278230430616,
  "num_users_evaluated": 2023,
  "evaluation_method": "negative_sampling",
  "evaluation_metadata": {
    "task": "Top-K Retrieval",
    "filter_seen_evaluator_perspective": true,
    "recommender_type": "user_knn",
    "top_k": 50,
    "test_file": "data/splits/split_tiny/test.csv",
    "train_file_used_for_history": "data/splits/split_tiny/train.csv",
    "cache_warmup_enabled": false,
    "parallel_evaluation": false,
    "num_workers": 0,
    "parallel_chunk_size": 0,
    "simplified_architecture": true
  }
}